email,first_name,last_name,company,title
khatests123+1@gmail.com,John,Martinez,Turner Construction,Project Manager
khatests123+2@gmail.com,Sarah,Chen,Skanska USA,VP of Operations
khatests123+3@gmail.com,Mike,Johnson,Hensel Phelps,Superintendent
khatests123+4@gmail.com,Lisa,Thompson,Clark Construction,Director of Field Operations
khatests123+5@gmail.com,David,Williams,Whiting-Turner,Senior Project Engineer
khatests123+6@gmail.com,Rachel,Kim,Mortenson Construction,Operations Manager
khatests123+7@gmail.com,James,O'Brien,McCarthy Building,General Superintendent
khatests123+8@gmail.com,Amanda,Garcia,Brasfield & Gorrie,VP of Construction
khatests123+9@gmail.com,Tom,Richardson,Holder Construction,Project Executive
khatests123+10@gmail.com,Nicole,Baker,Barton Malow,Director of Technology
